rank,name,position,bat_side,team,home_away,batting_order,venue,opp_team,opp_pitcher,pitcher_hand,days_rest,lineup_confirmed,composite_score,projected_fpts,rolling_7d_fpts_g,rolling_14d_fpts_g,rolling_30d_fpts_g,woba,wrc_plus,bb_pct,k_pct,iso,babip,xwoba_7d,xwoba_14d,xwoba_30d,barrel_pct_7d,barrel_pct_14d,barrel_pct_30d,hard_hit_pct_7d,hard_hit_pct_14d,hard_hit_pct_30d,avg_ev_7d,avg_ev_14d,avg_ev_30d,ev_stdev_30d,ev_floor_30d,ev_ceiling_30d,doc_avg_ev_30d,opp_era,opp_fip,opp_whip,opp_k_pct,platoon_same_hand,platoon_advantage,platoon_batter_woba,platoon_batter_split,platoon_pitcher_woba_against,platoon_pitcher_split,platoon_edge_woba,park_hr_factor,park_runs_factor,park_hits_factor,temp_f,wind_speed_mph,wind_direction,precip_pct,is_indoor
1,Miguel Vargas,3B,R,Chicago White Sox,home,2,Rate Field,Cleveland Guardians,Parker Messick,L,,False,7.666,2.49,,13.33,10.28,,,,,,,0.528,0.358,0.343,0.0,0.0,3.1,33.3,24.4,20.9,86.4,84.4,82.9,13.9,66.4,101.6,84.0,2.56,3.0,1.06,0.258,False,batter,0.381,vs LHP,0.255,vs RHB,0.126,1.08,1.03,1.01,71.7,6.2,WNW,0,False
2,Brayan Rocchio,SS,S,Cleveland Guardians,away,9,Rate Field,Chicago White Sox,Hagen Smith,L,,False,7.521,1.67,,15.33,9.93,,,,,,,0.211,0.25,0.309,0.0,0.0,0.0,6.2,13.8,13.9,78.3,80.6,81.7,14.5,64.4,98.0,80.3,1.29,2.35,0.96,0.373,False,batter,0.264,vs LHP,0.19,vs RHB,0.074,1.08,1.03,1.01,71.7,6.2,WNW,0,False
3,Kyle Teel,C,L,Chicago White Sox,home,4,Rate Field,Cleveland Guardians,Parker Messick,L,,False,7.261,2.1,,15.0,8.29,,,,,,,0.262,0.373,0.342,0.0,5.1,4.3,27.3,23.1,22.3,77.5,80.3,79.2,16.9,58.2,100.6,86.5,2.56,3.0,1.06,0.258,True,pitcher,0.272,vs LHP,0.295,vs LHB,-0.023,1.08,1.03,1.01,71.7,6.2,WNW,0,False
4,Munetaka Murakami,1B,L,Chicago White Sox,home,3,Rate Field,Cleveland Guardians,Parker Messick,L,,False,6.776,2.27,,12.25,9.05,,,,,,,0.327,0.375,0.351,22.2,20.0,13.3,44.4,40.0,30.0,92.6,89.3,86.6,14.9,66.3,106.8,86.6,2.56,3.0,1.06,0.258,True,batter,0.319,vs LHP,0.295,vs LHB,0.024,1.08,1.03,1.01,71.7,6.2,WNW,0,False
5,Steven Kwan,LF,L,Cleveland Guardians,away,1,Rate Field,Chicago White Sox,Hagen Smith,L,,False,6.202,1.65,,10.67,9.44,,,,,,,0.253,0.32,0.359,0.0,0.0,0.0,0.0,5.9,8.4,75.5,78.8,78.5,14.5,63.3,93.6,80.2,1.29,2.35,0.96,0.373,True,batter,0.283,vs LHP,0.237,vs LHB,0.046,1.08,1.03,1.01,71.7,6.2,WNW,0,False
6,Chase DeLauter,RF,L,Cleveland Guardians,away,3,Rate Field,Chicago White Sox,Hagen Smith,L,,False,6.18,1.62,,11.0,9.23,,,,,,,0.229,0.296,0.352,0.0,3.0,3.3,30.0,30.3,34.4,86.5,86.6,85.1,14.8,67.5,104.6,88.7,1.29,2.35,0.96,0.373,True,batter,0.358,vs LHP,0.237,vs LHB,0.121,1.08,1.03,1.01,71.7,6.2,WNW,0,False
7,Sam Antonacci,LF,L,Chicago White Sox,home,1,Rate Field,Cleveland Guardians,Parker Messick,L,,False,6.018,2.2,,11.25,7.41,,,,,,,0.275,0.403,0.383,0.0,0.0,1.7,6.7,26.0,28.7,77.3,81.5,83.4,14.6,64.9,99.9,86.0,2.56,3.0,1.06,0.258,True,pitcher,0.282,vs LHP,0.295,vs LHB,-0.013,1.08,1.03,1.01,71.7,6.2,WNW,0,False
8,Jo Adell,RF,R,Cleveland Guardians,away,4,Rate Field,Chicago White Sox,Hagen Smith,L,,False,6.008,1.62,,11.25,8.59,,,,,,,0.279,0.404,0.351,10.0,9.1,5.1,30.0,42.4,36.4,85.5,88.3,86.1,17.1,66.0,106.2,84.7,1.29,2.35,0.96,0.373,False,batter,0.397,vs LHP,0.19,vs RHB,0.207,1.08,1.03,1.01,71.7,6.2,WNW,0,False
9,Angel Martínez,LF,S,Cleveland Guardians,away,6,Rate Field,Chicago White Sox,Hagen Smith,L,,False,5.476,1.73,,8.5,11.31,,,,,,,0.084,0.125,0.243,0.0,0.0,3.4,16.7,14.0,21.3,81.6,79.0,82.0,14.4,63.5,100.5,84.9,1.29,2.35,0.96,0.373,False,batter,0.343,vs LHP,0.19,vs RHB,0.153,1.08,1.03,1.01,71.7,6.2,WNW,0,False
10,Chase Meidroth,2B,R,Chicago White Sox,home,5,Rate Field,Cleveland Guardians,Parker Messick,L,,False,5.255,2.41,,7.5,10.0,,,,,,,0.193,0.383,0.359,0.0,2.6,4.3,0.0,13.2,21.4,80.4,81.0,81.0,15.0,61.7,100.4,85.4,2.56,3.0,1.06,0.258,False,batter,0.426,vs LHP,0.255,vs RHB,0.171,1.08,1.03,1.01,71.7,6.2,WNW,0,False
11,José Ramírez,3B,S,Cleveland Guardians,away,2,Rate Field,Chicago White Sox,Hagen Smith,L,,False,5.107,1.72,,8.67,8.0,,,,,,,0.286,0.265,0.27,0.0,0.0,1.8,26.7,34.3,26.5,87.6,88.0,83.5,17.2,62.1,104.3,85.6,1.29,2.35,0.96,0.373,False,batter,0.343,vs LHP,0.19,vs RHB,0.153,1.08,1.03,1.01,71.7,6.2,WNW,0,False
12,Randal Grichuk,DH,R,Chicago White Sox,home,8,Rate Field,Cleveland Guardians,Parker Messick,L,,False,4.83,2.15,,8.0,8.0,,,,,,,0.268,0.317,0.346,0.0,3.0,4.4,23.1,30.3,38.9,84.0,83.0,86.8,16.1,70.0,104.7,87.5,2.56,3.0,1.06,0.258,False,batter,0.414,vs LHP,0.255,vs RHB,0.159,1.08,1.03,1.01,71.7,6.2,WNW,0,False
13,Travis Bazzana,2B,L,Cleveland Guardians,away,7,Rate Field,Chicago White Sox,Hagen Smith,L,,False,4.416,1.65,,7.25,9.76,,,,,,,0.365,0.279,0.308,0.0,1.9,3.1,27.3,18.9,19.8,87.5,81.6,81.8,13.8,63.7,99.9,84.5,1.29,2.35,0.96,0.373,True,neutral,0.241,vs LHP,0.237,vs LHB,0.004,1.08,1.03,1.01,71.7,6.2,WNW,0,False
14,Patrick Bailey,C,S,Cleveland Guardians,away,8,Rate Field,Chicago White Sox,Hagen Smith,L,,False,3.983,1.62,,8.75,5.62,,,,,,,0.446,0.417,0.332,11.1,12.5,6.9,55.6,45.8,34.5,89.5,86.5,84.6,16.0,69.3,101.8,84.7,1.29,2.35,0.96,0.373,False,batter,0.213,vs LHP,0.19,vs RHB,0.023,1.08,1.03,1.01,71.7,6.2,WNW,0,False
15,Braden Montgomery,RF,S,Chicago White Sox,home,7,Rate Field,Cleveland Guardians,Parker Messick,L,,False,2.797,1.79,,6.0,4.67,,,,,,,0.24,0.265,0.283,0.0,0.0,2.1,15.4,25.0,25.0,84.9,85.3,84.4,14.2,67.3,101.5,88.0,2.56,3.0,1.06,0.258,False,pitcher,0.192,vs LHP,0.255,vs RHB,-0.063,1.08,1.03,1.01,71.7,6.2,WNW,0,False
16,Nathaniel Lowe,1B,L,Cleveland Guardians,away,5,Rate Field,Chicago White Sox,Hagen Smith,L,,False,2.308,1.62,,5.67,4.2,,,,,,,0.423,0.399,0.35,0.0,0.0,4.4,33.3,31.0,30.9,85.2,86.1,86.0,14.1,70.9,104.7,86.9,1.29,2.35,0.96,0.373,True,pitcher,0.139,vs LHP,0.237,vs LHB,-0.098,1.08,1.03,1.01,71.7,6.2,WNW,0,False
17,Tristan Peters,CF,L,Chicago White Sox,home,6,Rate Field,Cleveland Guardians,Parker Messick,L,,False,1.569,1.66,,3.0,3.39,,,,,,,0.066,0.19,0.226,0.0,0.0,0.0,7.7,17.0,13.4,76.5,80.5,77.0,16.1,61.0,97.5,77.5,2.56,3.0,1.06,0.258,True,pitcher,0.268,vs LHP,0.295,vs LHB,-0.027,1.08,1.03,1.01,71.7,6.2,WNW,0,False
18,Colson Montgomery,SS,L,Chicago White Sox,home,9,Rate Field,Cleveland Guardians,Parker Messick,L,,False,0.787,1.68,,0.0,3.5,,,,,,,0.165,0.199,0.216,0.0,2.7,2.1,27.3,24.3,21.9,78.5,82.1,81.3,15.5,65.5,102.1,81.7,2.56,3.0,1.06,0.258,True,batter,0.328,vs LHP,0.295,vs LHB,0.033,1.08,1.03,1.01,71.7,6.2,WNW,0,False
